{
  "gnl-close": {"en": "Close", "fr": "Fermer"},
  "gnl-main-page": {"en": "Main Page", "fr": "Page principale"},
  "tmpl-settings": {"en": "Settings", "fr": "Paramètres"},
  "tmpl-skip-about-government": {"en": "Skip to \"About government\"", "fr": "Passer à «&#160;Au sujet du gouvernement&#160;»"},
  "tmpl-search-site": {"en": "Search Canada.ca", "fr": "Rechercher dans Canada.ca"},
  "tmpl-promo-title": {"en": "Promotions", "fr": "Promotions"},
  "tmpl-feedback": {"en": "Report a problem on this page", "fr": "Signaler un problème sur cette page"},
  "tmpl-toppage": {"en": "Top of Page", "fr": "Haut de la page"},
  "tmpl-share-page": {"en": "Share this page", "fr": "Partager cette page"},
  "tmpl-about-government": {"en": "About government", "fr": "Au sujet du gouvernement"},
  "dlg-close": {"en": "Close dialog box", "fr": "Fermez la boîte de dialogue"},
  "menu-main-seperator": {"en": " - ", "fr": " – "},
  "menu-main-more-text": {"en": "More", "fr": "Autres"},
  "menu-main-jobs-text-main": {"en": "Jobs", "fr": "Emplois"},
  "menu-main-jobs-link-main": {"en": "https://www.canada.ca/en/services/jobs.html", "fr": "https://www.canada.ca/fr/services/emplois.html"},
  "menu-main-jobs-id-main": {"en": "jobs", "fr": "emplois"},
  "menu-main-immigration-text-main": {"en": "Immigration", "fr": "Immigration"},
  "menu-main-immigration-link-main": {"en": "https://www.canada.ca/en/services/immigration-citizenship.html", "fr": "https://www.canada.ca/fr/services/immigration-citoyennete.html"},
  "menu-main-immigration-id-main": {"en": "immigration", "fr": "immigration"},
  "menu-main-travel-text-main": {"en": "Travel", "fr": "Voyage"},
  "menu-main-travel-link-main": {"en": "https://travel.gc.ca/", "fr": "https://voyage.gc.ca/"},
  "menu-main-travel-id-main": {"en": "travel", "fr": "voyage"},
  "menu-main-business-text-main": {"en": "Business", "fr": "Entreprises"},
  "menu-main-business-link-main": {"en": "https://www.canada.ca/en/services/business.html", "fr": "https://www.canada.ca/fr/services/entreprises.html"},
  "menu-main-business-id-main": {"en": "business", "fr": "entreprises"},
  "menu-main-benefits-text-main": {"en": "Benefits", "fr": "Prestations"},
  "menu-main-benefits-link-main": {"en": "https://www.canada.ca/en/services/benefits.html", "fr": "https://www.canada.ca/fr/services/prestations.html"},
  "menu-main-benefits-id-main": {"en": "benefits", "fr": "prestations"},
  "menu-main-health-text-main": {"en": "Health", "fr": "Santé"},
  "menu-main-health-link-main": {"en": "https://www.canada.ca/en/services/health.html", "fr": "https://www.canada.ca/fr/services/sante.html"},
  "menu-main-health-id-main": {"en": "health", "fr": "sante"},
  "menu-main-taxes-text-main": {"en": "Taxes", "fr": "Impôts"},
  "menu-main-taxes-link-main": {"en": "https://www.canada.ca/en/services/taxes.html", "fr": "https://www.canada.ca/fr/services/impots.html"},
  "menu-main-taxes-id-main": {"en": "taxes", "fr": "impots"},
  "menu-main-services-text-main": {"en": "More services", "fr": "Autres services"},
  "menu-main-services-link-main": {"en": "https://www.canada.ca/en/services.html", "fr": "https://www.canada.ca/fr/services.html"},
  "menu-main-services-id-main": {"en": "more-services", "fr": "autres-services"},
  "menu-main-jobs-text-2": {"en": "Find a job", "fr": "Trouver un emploi"},
  "menu-main-jobs-link-2": {"en": "https://www.canada.ca/en/services/jobs/opportunities.html", "fr": "https://www.canada.ca/fr/services/emplois/opportunites.html"},
  "menu-main-jobs-text-3": {"en": "Training", "fr": "Formation"},
  "menu-main-jobs-link-3": {"en": "https://www.canada.ca/en/services/jobs/training.html", "fr": "https://www.canada.ca/fr/services/emplois/formation.html"},
  "menu-main-jobs-text-4": {"en": "Hire and manage employees", "fr": "Embauche et gestion de personnel"},
  "menu-main-jobs-link-4": {"en": "https://www.canada.ca/business-management", "fr": "https://www.canada.ca/fr/services/entreprises/engager.html"},
  "menu-main-jobs-text-5": {"en": "Starting a business", "fr": "Démarrage d'entreprise"},
  "menu-main-jobs-link-5": {"en": "https://www.canada.ca/en/services/business/start.html", "fr": "https://www.canada.ca/demarrage-entreprise"},
  "menu-main-jobs-text-6": {"en": "Workplace standards", "fr": "Normes en milieu de travail"},
  "menu-main-jobs-link-6": {"en": "https://www.canada.ca/en/services/jobs/workplace.html", "fr": "https://www.canada.ca/fr/services/emplois/milieu-travail.html"},
  "menu-main-jobs-text-7": {"en": "Pensions and retirement", "fr": "Pensions et retraite"},
  "menu-main-jobs-link-7": {"en": "https://www.canada.ca/en/services/finance/pensions.html", "fr": "https://www.canada.ca/fr/services/finance/pensions.html"},
  "menu-main-jobs-text-8": {"en": "Employment insurance", "fr": "Assurance-emploi"},
  "menu-main-jobs-link-8": {"en": "https://www.canada.ca/ei", "fr": "https://www.canada.ca/ae"},
  "menu-main-immigration-text-1": {"en": "My application", "fr": "Ma demande"},
  "menu-main-immigration-link-1": {"en": "https://www.canada.ca/en/immigration-refugees-citizenship/services/application.html", "fr": "https://www.canada.ca/fr/immigration-refugies-citoyennete/services/demande.html"},
  "menu-main-immigration-text-2": {"en": "Immigrate", "fr": "Immigrer"},
  "menu-main-immigration-link-2": {"en": "https://www.canada.ca/en/immigration-refugees-citizenship/services/immigrate-canada.html", "fr": "https://www.canada.ca/fr/immigration-refugies-citoyennete/services/immigrer-canada.html"},
  "menu-main-immigration-text-3": {"en": "Visit", "fr": "Visiter"},
  "menu-main-immigration-link-3": {"en": "https://www.canada.ca/en/immigration-refugees-citizenship/services/visit-canada.html", "fr": "https://www.canada.ca/fr/immigration-refugies-citoyennete/services/visiter-canada.html"},
  "menu-main-immigration-text-4": {"en": "Work", "fr": "Travailler"},
  "menu-main-immigration-link-4": {"en": "https://www.canada.ca/en/immigration-refugees-citizenship/services/work-canada.html", "fr": "https://www.canada.ca/fr/immigration-refugies-citoyennete/services/travailler-canada.html"},
  "menu-main-immigration-text-5": {"en": "Study", "fr": "Étudier"},
  "menu-main-immigration-link-5": {"en": "https://www.canada.ca/en/immigration-refugees-citizenship/services/study-canada.html", "fr": "https://www.canada.ca/fr/immigration-refugies-citoyennete/services/etudier-canada.html"},
  "menu-main-immigration-text-6": {"en": "Citizenship", "fr": "Citoyenneté"},
  "menu-main-immigration-link-6": {"en": "https://www.canada.ca/en/immigration-refugees-citizenship/services/canadian-citizenship.html", "fr": "https://www.canada.ca/fr/immigration-refugies-citoyennete/services/citoyennete-canadienne.html"},
  "menu-main-immigration-text-7": {"en": "New immigrants", "fr": "Nouveaux immigrants"},
  "menu-main-immigration-link-7": {"en": "https://www.canada.ca/en/immigration-refugees-citizenship/services/new-immigrants.html", "fr": "https://www.canada.ca/fr/immigration-refugies-citoyennete/services/nouveaux-immigrants.html"},
  "menu-main-immigration-text-8": {"en": "Canadians", "fr": "Canadiens"},
  "menu-main-immigration-link-8": {"en": "https://www.canada.ca/en/immigration-refugees-citizenship/services/canadians.html", "fr": "https://www.canada.ca/fr/immigration-refugies-citoyennete/services/canadiens.html"},
  "menu-main-immigration-text-9": {"en": "Refugees and asylum", "fr": "Réfugiés et demandes d’asile"},
  "menu-main-immigration-link-9": {"en": "https://www.canada.ca/en/immigration-refugees-citizenship/services/refugees.html", "fr": "https://www.canada.ca/fr/immigration-refugies-citoyennete/services/refugies.html"},
  "menu-main-immigration-text-10": {"en": "Enforcement and violations", "fr": "Application de la loi et violations"},
  "menu-main-immigration-link-10": {"en": "https://www.canada.ca/en/services/immigration-citizenship/enforcement-violations.html", "fr": "https://www.canada.ca/fr/services/immigration-citoyennete/application-loi-infractions.html"},
  "menu-main-travel-text-1": {"en": "Travel advice and advisories", "fr": "Conseils aux voyageurs et avertissements"},
  "menu-main-travel-link-1": {"en": "https://travel.gc.ca/travelling/advisories", "fr": "https://voyage.gc.ca/voyager/avertissements"},
  "menu-main-travel-text-2": {"en": "Canadian attractions, events and experiences", "fr": "Attraits touristiques, événements et expériences au Canada"},
  "menu-main-travel-link-2": {"en": "https://travel.gc.ca/canadian-tourism", "fr": "https://voyage.gc.ca/tourisme-canadien"},
  "menu-main-travel-text-3": {"en": "Canadian passports", "fr": "Passeports canadiens"},
  "menu-main-travel-link-3": {"en": "https://www.canada.ca/en/immigration-refugees-citizenship/services/canadian-passports.html", "fr": "https://www.canada.ca/fr/immigration-refugies-citoyennete/services/passeports-canadiens.html"},
  "menu-main-travel-text-4": {"en": "Travelling abroad", "fr": "Voyager à l'étranger"},
  "menu-main-travel-link-4": {"en": "https://travel.gc.ca/travelling", "fr": "https://voyage.gc.ca/voyager"},
  "menu-main-travel-text-5": {"en": "Air travel", "fr": "Voyager en avion"},
  "menu-main-travel-link-5": {"en": "https://travel.gc.ca/air", "fr": "https://voyage.gc.ca/avion"},
  "menu-main-travel-text-6": {"en": "Returning to Canada", "fr": "Retour au Canada"},
  "menu-main-travel-link-6": {"en": "https://travel.gc.ca/returning", "fr": "https://voyage.gc.ca/retour"},
  "menu-main-travel-text-7": {"en": "Assistance abroad", "fr": "Assistance à l’étranger"},
  "menu-main-travel-link-7": {"en": "https://travel.gc.ca/assistance", "fr": "https://voyage.gc.ca/assistance"},
  "menu-main-travel-text-8": {"en": "Stay connected", "fr": "Restez branchés"},
  "menu-main-travel-link-8": {"en": "https://travel.gc.ca/stay-connected", "fr": "https://voyage.gc.ca/restez-branche"},
  "menu-main-travel-text-9": {"en": "Visit Canada", "fr": "Visiter le Canada"},
  "menu-main-travel-link-9": {"en": "https://www.canada.ca/visit", "fr": "https://www.canada.ca/visiter"},
  "menu-main-business-text-1": {"en": "Starting a business", "fr": "Démarrage d'entreprise"},
  "menu-main-business-link-1": {"en": "https://www.canada.ca/start-business", "fr": "https://www.canada.ca/fr/services/entreprises/lancer.html"},
  "menu-main-business-text-2": {"en": "Grants and financing", "fr": "Subventions et financement"},
  "menu-main-business-link-2": {"en": "https://www.canada.ca/en/services/business/grants.html", "fr": "https://www.canada.ca/fr/services/entreprises/subventions.html"},
  "menu-main-business-text-3": {"en": "Business taxes", "fr": "Taxes et impôt des entreprises"},
  "menu-main-business-link-3": {"en": "https://www.canada.ca/en/services/business/taxes.html", "fr": "https://www.canada.ca/fr/services/entreprises/impots.html"},
  "menu-main-business-text-4": {"en": "Doing business with government", "fr": "Faire affaire avec le gouvernement"},
  "menu-main-business-link-4": {"en": "https://www.canada.ca/en/services/business/doing-business.html", "fr": "https://www.canada.ca/fr/services/entreprises/faire-affaire.html"},
  "menu-main-business-text-5": {"en": "International trade and investment", "fr": "Commerce international et investissements"},
  "menu-main-business-link-5": {"en": "https://www.canada.ca/en/services/business/trade.html", "fr": "https://www.canada.ca/fr/services/entreprises/commerce.html"},
  "menu-main-business-text-6": {"en": "Research and development (R&amp;D) and innovation", "fr": "Recherche-développement et innovation"},
  "menu-main-business-link-6": {"en": "https://www.canada.ca/en/services/science/innovation.html", "fr": "https://www.canada.ca/fr/services/science/innovation.html"},
  "menu-main-business-text-7": {"en": "Intellectual property and copyright", "fr": "Propriété intellectuelle et droit d'auteur"},
  "menu-main-business-link-7": {"en": "https://www.canada.ca/en/services/business/ip.html", "fr": "https://www.canada.ca/fr/services/entreprises/pi.html"},
  "menu-main-business-text-8": {"en": "Permits, licences and regulations", "fr": "Permis, licences et règlements"},
  "menu-main-business-link-8": {"en": "https://www.canada.ca/en/services/business/permits.html", "fr": "https://www.canada.ca/fr/services/entreprises/permis.html"},
  "menu-main-business-text-9": {"en": "Research and business intelligence", "fr": "Recherche et renseignements d'affaires"},
  "menu-main-business-link-9": {"en": "https://www.canada.ca/en/services/business/research.html", "fr": "https://www.canada.ca/fr/services/entreprises/recherche.html"},
  "menu-main-business-text-10": {"en": "Hiring and managing employees", "fr": "Embauche et gestion de personnel"},
  "menu-main-business-link-10": {"en": "https://www.canada.ca/en/services/business/hire.html", "fr": "https://www.canada.ca/gestion-entreprise"},
  "menu-main-business-text-11": {"en": "Maintaining your business", "fr": "Administration de votre entreprise"},
  "menu-main-business-link-11": {"en": "https://www.canada.ca/en/services/business/maintaingrowimprovebusiness.html", "fr": "https://www.canada.ca/fr/services/entreprises/maintenirfairecroitreameliorerentreprise.html"},
  "menu-main-business-text-12": {"en": "Protect your business", "fr": "Protection de votre entreprise"},
  "menu-main-business-link-12": {"en": "https://www.canada.ca/en/services/business/protecting.html", "fr": "https://www.canada.ca/fr/services/entreprises/proteger.html"},
  "menu-main-business-text-13": {"en": "Bankruptcy for business", "fr": "Faillite pour les entreprises"},
  "menu-main-business-link-13": {"en": "https://www.canada.ca/en/services/business/bankruptcy.html", "fr": "https://www.canada.ca/fr/services/entreprises/faillites.html"},
  "menu-main-benefits-text-1": {"en": "Employment Insurance", "fr": "Assurance-emploi"},
  "menu-main-benefits-link-1": {"en": "https://www.canada.ca/en/services/benefits/ei.html", "fr": "https://www.canada.ca/fr/services/prestations/ae.html"},
  "menu-main-benefits-text-2": {"en": "Family benefits", "fr": "Prestations pour les familles"},
  "menu-main-benefits-link-2": {"en": "https://www.canada.ca/en/services/benefits/family.html", "fr": "https://www.canada.ca/fr/services/prestations/famille.html"},
  "menu-main-benefits-text-3": {"en": "Public pensions", "fr": "Pensions publiques"},
  "menu-main-benefits-link-3": {"en": "https://www.canada.ca/en/services/benefits/publicpensions.html", "fr": "https://www.canada.ca/fr/services/prestations/pensionspubliques.html"},
  "menu-main-benefits-text-4": {"en": "Education and student aid", "fr": "Éducation et aide aux étudiants"},
  "menu-main-benefits-link-4": {"en": "https://www.canada.ca/en/services/benefits/education.html", "fr": "https://www.canada.ca/fr/services/prestations/etudes.html"},
  "menu-main-benefits-text-5": {"en": "Housing benefits", "fr": "Prestations relatives au logement"},
  "menu-main-benefits-link-5": {"en": "https://www.canada.ca/en/services/benefits/housing.html", "fr": "https://www.canada.ca/fr/services/prestations/logement.html"},
  "menu-main-benefits-text-6": {"en": "Disability benefits", "fr": "Prestations relatives aux personnes handicapées"},
  "menu-main-benefits-link-6": {"en": "https://www.canada.ca/en/services/benefits/disability.html", "fr": "https://www.canada.ca/fr/services/prestations/handicap.html"},
  "menu-main-benefits-text-7": {"en": "Benefits finder", "fr": "Chercheur de prestations"},
  "menu-main-benefits-link-7": {"en": "http://www.canadabenefits.gc.ca", "fr": "http://www.prestationsducanada.gc.ca"},
  "menu-main-health-text-1": {"en": "Food and nutrition", "fr": "Aliments et nutrition"},
  "menu-main-health-link-1": {"en": "https://www.canada.ca/en/services/health/food-nutrition.html", "fr": "https://www.canada.ca/fr/services/sante/aliments-et-nutrition.html"},
  "menu-main-health-text-2": {"en": "Diseases and conditions", "fr": "Maladies et affections"},
  "menu-main-health-link-2": {"en": "https://www.canada.ca/en/public-health/services/diseases.html", "fr": "https://www.canada.ca/fr/sante-publique/services/maladies.html"},
  "menu-main-health-text-3": {"en": "Vaccines and immunization", "fr": "Vaccins et immunisation"},
  "menu-main-health-link-3": {"en": "https://www.canada.ca/en/public-health/topics/immunization-vaccines.html", "fr": "https://www.canada.ca/fr/sante-publique/sujets/immunisation-et-vaccins.html"},
  "menu-main-health-text-4": {"en": "Drug and health products", "fr": "Médicaments et produits de santé"},
  "menu-main-health-link-4": {"en": "https://www.canada.ca/en/services/health/drug-health-products.html", "fr": "https://www.canada.ca/fr/services/sante/medicaments-et-produits-sante.html"},
  "menu-main-health-text-5": {"en": "Product safety", "fr": "Sécurité des produits"},
  "menu-main-health-link-5": {"en": "https://www.canada.ca/en/services/health/product-safety.html", "fr": "https://www.canada.ca/fr/services/sante/securite-produits.html"},
  "menu-main-health-text-6": {"en": "Health risks and safety", "fr": "Sécurité et risque pour la santé"},
  "menu-main-health-link-6": {"en": "https://www.canada.ca/en/services/health/health-risks-safety.html", "fr": "https://www.canada.ca/fr/services/sante/securite-et-risque-pour-sante.html"},
  "menu-main-health-text-7": {"en": "Healthy living", "fr": "Vie saine"},
  "menu-main-health-link-7": {"en": "https://www.canada.ca/en/services/health/healthy-living.html", "fr": "https://www.canada.ca/fr/services/sante/vie-saine.html"},
  "menu-main-health-text-8": {"en": "Indigenous health", "fr": "Santé des Autochtones"},
  "menu-main-health-link-8": {"en": "https://www.canada.ca/en/services/health/aboriginal-health.html", "fr": "https://www.canada.ca/fr/services/sante/sante-autochtones.html"},
  "menu-main-health-text-9": {"en": "Health system and services", "fr": "Système et services de santé"},
  "menu-main-health-link-9": {"en": "https://www.canada.ca/en/services/health/health-system-services.html", "fr": "https://www.canada.ca/fr/services/sante/systeme-et-services-sante.html"},
  "menu-main-health-text-10": {"en": "Science, research and data", "fr": "Science, recherche et données"},
  "menu-main-health-link-10": {"en": "https://www.canada.ca/en/services/health/science-research-data.html", "fr": "https://www.canada.ca/fr/services/sante/science-recherche-et-donnees.html"},
  "menu-main-taxes-text-1": {"en": "Income Tax", "fr": "Impôt sur le revenu"},
  "menu-main-taxes-link-1": {"en": "https://www.canada.ca/en/services/taxes/income-tax.html", "fr": "https://www.canada.ca/fr/services/impots/impot-sur-le-revenu.html"},
  "menu-main-taxes-text-2": {"en": "GST/HST", "fr": "TPS/TVH"},
  "menu-main-taxes-link-2": {"en": "https://www.canada.ca/en/revenue-agency/services/tax/businesses/topics/gst-hst-businesses.html", "fr": "https://www.canada.ca/fr/agence-revenu/services/impot/entreprises/sujets/tps-tvh-entreprises.html"},
  "menu-main-taxes-text-3": {"en": "Payroll", "fr": "Retenues sur la paie"},
  "menu-main-taxes-link-3": {"en": "https://www.canada.ca/en/services/taxes/payroll.html", "fr": "https://www.canada.ca/fr/services/impots/retenues-sur-la-paie.html"},
  "menu-main-taxes-text-4": {"en": "Business number", "fr": "Numéro d’entreprise"},
  "menu-main-taxes-link-4": {"en": "https://www.canada.ca/en/services/taxes/business-number.html", "fr": "https://www.canada.ca/fr/services/impots/numero-dentreprise.html"},
  "menu-main-taxes-text-5": {"en": "Savings and pension plans", "fr": "Régimes d’épargne et de pension"},
  "menu-main-taxes-link-5": {"en": "https://www.canada.ca/en/services/taxes/savings-and-pension-plans.html", "fr": "https://www.canada.ca/fr/services/impots/regimes-depargne-et-de-pension.html"},
  "menu-main-taxes-text-6": {"en": "Child and family benefits", "fr": "Prestations pour enfants et familles"},
  "menu-main-taxes-link-6": {"en": "https://www.canada.ca/en/services/taxes/child-and-family-benefits.html", "fr": "https://www.canada.ca/fr/services/impots/prestations-pour-enfants-et-familles.html"},
  "menu-main-taxes-text-7": {"en": "Excise taxes, duties, and levies", "fr": "Taxes d’accise, droits et prélèvements"},
  "menu-main-taxes-link-7": {"en": "https://www.canada.ca/en/services/taxes/excise-taxes-duties-and-levies.html", "fr": "https://www.canada.ca/fr/services/impots/taxes-daccise-droits-et-prelevements.html"},
  "menu-main-taxes-text-8": {"en": "Charities and giving", "fr": "Organismes de bienfaisance et dons"},
  "menu-main-taxes-link-8": {"en": "https://www.canada.ca/en/services/taxes/charities.html", "fr": "https://www.canada.ca/fr/services/impots/bienfaisance.html"},
  "menu-main-services-text-1": {"en": "Environment and natural resources", "fr": "Environnement et ressources naturelles"},
  "menu-main-services-link-1": {"en": "https://www.canada.ca/en/services/environment.html", "fr": "https://www.canada.ca/fr/services/environnement.html"},
  "menu-main-services-text-2": {"en": "National security and defence", "fr": "Sécurité nationale et défense"},
  "menu-main-services-link-2": {"en": "https://www.canada.ca/en/services/defence.html", "fr": "https://www.canada.ca/fr/services/defense.html"},
  "menu-main-services-text-3": {"en": "Culture, history and sport", "fr": "Culture, histoire et sport"},
  "menu-main-services-link-3": {"en": "https://www.canada.ca/en/services/culture.html", "fr": "https://www.canada.ca/fr/services/culture.html"},
  "menu-main-services-text-4": {"en": "Policing, justice and emergencies", "fr": "Services de police, justice et urgences"},
  "menu-main-services-link-4": {"en": "https://www.canada.ca/en/services/policing.html", "fr": "https://www.canada.ca/fr/services/police.html"},
  "menu-main-services-text-5": {"en": "Transport and infrastructure", "fr": "Transport et infrastructure"},
  "menu-main-services-link-5": {"en": "https://www.canada.ca/en/services/transport.html", "fr": "https://www.canada.ca/fr/services/transport.html"},
  "menu-main-services-text-6": {"en": "Canada and the world", "fr": "Le Canada et le monde"},
  "menu-main-services-link-6": {"en": "https://international.gc.ca/world-monde/index.aspx?lang=eng", "fr": "https://international.gc.ca/world-monde/index.aspx?lang=fra"},
  "menu-main-services-text-7": {"en": "Money and finances", "fr": "Argent et finances"},
  "menu-main-services-link-7": {"en": "https://www.canada.ca/en/services/finance.html", "fr": "https://www.canada.ca/fr/services/finance.html"},
  "menu-main-services-text-8": {"en": "Science and innovation", "fr": "Science et innovation"},
  "menu-main-services-link-8": {"en": "https://www.canada.ca/en/services/science.html", "fr": "https://www.canada.ca/fr/services/science.html"},
  "menu-main-services-text-last": {"en": "All services", "fr": "Tous les services"},
  "menu-footer-about-contact-text": {"en": "Contact us", "fr": "Contactez-nous"},
  "menu-footer-about-contact-link": {"en": "https://www.canada.ca/en/contact.html", "fr": "https://www.canada.ca/fr/contact.html"},
  "menu-footer-about-departments-text": {"en": "Departments and agencies", "fr": "Ministères et organismes"},
  "menu-footer-about-departments-link": {"en": "https://www.canada.ca/en/government/dept.html", "fr": "https://www.canada.ca/fr/gouvernement/min.html"},
  "menu-footer-about-military-text": {"en": "Public service and military", "fr": "Fonction publique et force militaire"},
  "menu-footer-about-military-link": {"en": "https://www.canada.ca/en/government/publicservice.html", "fr": "https://www.canada.ca/fr/gouvernement/fonctionpublique.html"},
  "menu-footer-about-news-text": {"en": "News", "fr": "Nouvelles"},
  "menu-footer-about-news-link": {"en": "https://www.canada.ca/en/news.html", "fr": "https://www.canada.ca/fr/nouvelles.html"},
  "menu-footer-about-treaties-text": {"en": "Treaties, laws and regulations", "fr": "Traités, lois et règlements"},
  "menu-footer-about-treaties-link": {"en": "https://www.canada.ca/en/government/system/laws.html", "fr": "https://www.canada.ca/fr/gouvernement/systeme/lois.html"},
  "menu-footer-about-reporting-text": {"en": "Government-wide reporting", "fr": "Rapports à l'échelle du gouvernement"},
  "menu-footer-about-reporting-link": {"en": "https://www.canada.ca/en/transparency/reporting.html", "fr": "https://www.canada.ca/fr/transparence/rapports.html"},
  "menu-footer-about-pm-text": {"en": "Prime Minister", "fr": "Premier ministre"},
  "menu-footer-about-pm-link": {"en": "https://pm.gc.ca/eng", "fr": "https://pm.gc.ca/fra"},
  "menu-footer-about-government-text": {"en": "How government works", "fr": "Comment le gouvernement fonctionne"},
  "menu-footer-about-government-link": {"en": "https://www.canada.ca/en/government/system.html", "fr": "https://www.canada.ca/fr/gouvernement/systeme.html"},
  "menu-footer-about-open-text": {"en": "Open government", "fr": "ouvernement ouvert"},
  "menu-footer-about-open-link": {"en": "https://open.canada.ca/en/", "fr": "https://ouvert.canada.ca/"},
  "menu-footer-communications-heading": {"en": "Communications", "fr": "Communications"},
  "menu-footer-communications-social-text": {"en": "Social media", "fr": "Médias sociaux"},
  "menu-footer-communications-social-link": {"en": "https://www.canada.ca/en/social.html", "fr": "https://www.canada.ca/fr/sociaux.html"},
  "menu-footer-communications-mobile-text": {"en": "Mobile applications", "fr": "Applications mobiles"},
  "menu-footer-communications-mobile-link": {"en": "https://www.canada.ca/en/mobile.html", "fr": "ttps://www.canada.ca/fr/mobile.html"},
  "menu-footer-communications-about-text": {"en": "About Canada.ca", "fr": "À propos de Canada.ca"},
  "menu-footer-communications-about-link": {"en": "https://www1.canada.ca/en/newsite.html", "fr": "https://www1.canada.ca/fr/nouveausite.html"},
  "menu-footer-communications-terms-text": {"en": "Terms and conditions", "fr": "Avis"},
  "menu-footer-communications-terms-link": {"en": "https://www.canada.ca/en/transparency/terms.html", "fr": "https://www.canada.ca/fr/transparence/avis.html"},
  "menu-footer-communications-privacy-text": {"en": "Privacy", "fr": "Confidentialité"},
  "menu-footer-communications-privacy-link": {"en": "https://www.canada.ca/en/transparency/privacy.html", "fr": "https://www.canada.ca/fr/transparence/confidentialite.html"},
  "so-title": {"en": "Follow:", "fr": "Suivez&nbsp;:"},
  "so-facebook1": {"en": "[First Facebook account title]", "fr": "[Titre du premier compte Facebook]"},
  "so-facebook2": {"en": "[Second Facebook account title]", "fr": "[Titre du deuxième compte Facebook]"},
  "so-youtube1": {"en": "[First YouTube account title]", "fr": "[Titre du premier compte YouTube]"},
  "so-youtube2": {"en": "[Second YouTube account title]", "fr": "[Titre du deuxième compte YouTube]"},
  "so-youtube3": {"en": "[Third YouTube account title]", "fr": "[Titre du troisième compte YouTube]"},
  "so-rss": {"en": "RSS Feed", "fr": "Fil RSS"},
  "so-email": {"en": "Email subscription", "fr": "Abonnement par courriel"},
  "de-title": {"en": "Features", "fr": "En vedette"},
  "de-title-link": {"en": "[Feature hyperlink text]", "fr": "[Lien à l’élément en vedette]"},
  "de-description": {"en": "Brief description of the feature being promoted.", "fr": "Brève description de l’élément en vedette."},
  "service-right-panel-guides-heading": {"en": "Guides and help", "fr": "Guides et aide"},
  "service-right-panel-guides-listitem": {"en": "Related guides and help", "fr": "Guides connexes et aide"},
  "service-right-panel-guides-related-services-heading": {"en": "Related services and information", "fr": "Services et renseignements connexes"},
  "service-right-panel-guides-related-services-listitem-services": {"en": "Related services", "fr": "Services connexes"},
  "service-right-panel-guides-related-services-listitem-information": {"en": "Related information", "fr": "enseignements connexes"},
  "service-right-panel-guides-related-program-heading": {"en": "Related program", "fr": "Programme connexe"},
  "service-right-panel-guides-related-program-listitem": {"en": "Program name", "fr": "Nom du programme"},
  "service-right-panel-contact-heading": {"en": "Contact us", "fr": "Contactez-nous"},
  "service-right-panel-contact-listitem": {"en": "Contact [Institution name] for help", "fr": "Contact [nom de l'institution] pour l'aide"},
  "arms-description": {"en": "We are a federal institution that is part of the [portfolio name] portfolio. We operate at arm’s length from the Government of Canada.", "fr": "Nous sommes une institution fédérale qui fait partie du portefeuille de [nom du portefeuille]. Nous fonctionnons sans lien de dépendance avec le gouvernemen"},
  "arms-image-alt": {"en": "Department name", "fr": "Nom du département"},
  "comp-dwnld-title": {"en": "Document title", "fr": "Titre du document"},
  "comp-dwnld-size-type": {"en": "KB", "fr": "Ko"},
  "comp-dwnld-size-abbr": {"en": "KiloByte", "fr": "kilo octet"},
  "doormat-task-link-text": {"en": "[Topic or sub-topic]", "fr": "[Suject ou sous-sujet]"},
  "doormat-task-description": {"en": "Summary of the information or tasks that can be accomplished on the destination page. Remove prose or promotional messaging. Use action verbs.", "fr": "Résumé des renseignements disponibles ou des tâches pouvant être accomplies sur la page. Supprimez les longs libellés et les messages promotionnels"},
  "corp-info-header": {"en": "Corporate information", "fr": "Renseignements sur l’organisation"},
  "corp-info-list-item1": {"en": "Mandate", "fr": "Mandat"},
  "corp-info-list-item2": {"en": "Programs", "fr": "Programmes"},
  "corp-info-list-item3": {"en": "Organizational structure", "fr": "Structure organisationnelle"},
  "corp-info-list-item4": {"en": "Portfolio", "fr": "Portefeuille"},
  "corp-info-list-item5": {"en": "Partners", "fr": "Partenaires"},
  "corp-info-list-item6": {"en": "Transparency", "fr": "Transparence"},
  "corp-info-list-item7": {"en": "Job opportunities", "fr": "Possibilités d’emplois"},
  "corp-info-list-item8": {"en": "Service performance reporting", "fr": "Compte rendu du rendement des services"},
  "corp-info-job": {"en": "Minister", "fr": "Ministre"},
  "corp-info-job-management": {"en": "Management", "fr": "Direction"},
  "corp-info-job-org-head": {"en": "Organization Head", "fr": "Chef de l’organisme"},
  "corp-info-institution-name": {"en": "[(Honourable) first and last name of Minister]", "fr": "L’honorable (nom du ministre)]"},
  "corp-info-organization-name": {"en": "[Chairperson]", "fr": "[Président]"},
  "corp-info-title": {"en": "Minister's official title", "fr": "Titre officiel du ministre"},
  "corp-info-org-title": {"en": "[Organization head]", "fr": "[Chef de l’organisme]"},
  "institution-alert-title": {"en": "We are in the process of moving our services and information to Canada.ca.", "fr": "Nous procédons actuellement au transfert de nos services et de nos renseignements vers Canada.ca."},
  "archive-page-title": {"en": "Archived", "fr": "Archivé"},
  "archive-title": {"en": "We have archived this page and will not be updating it.", "fr": "Nous avons archivé cette page et elle ne sera plus mise à jour."},
  "archive-paragraph": {"en": "You can use it for research or reference.", "fr": "ous pouvez la consulter à des fins de recherche ou à titre de référence."},
  "cia-spec-version" : {"en": "C&amp;IA spec version 1.4", "fr": "Spécifications sur le C&amp;AI version 1."},
  "lang-code": {"en": "en", "fr": "fr"},
  "lang-code-iso-639-2": {"en": "eng", "fr": "fra"},
  "lang-dir": {"en": "ltr", "fr": "ltr"},
  "lang-en": {"en": "English", "fr": "French"},
  "lang-fr": {"en": "anglais", "fr": "français"},
  "lang-native": {"en": "English", "fr": "Français"},
  "all": {"en": "All", "fr": "Tous"},
  "add": {"en": "Add", "fr": "Ajouter"},
  "home": {"en": "Home", "fr": "Accueil"},
  "main-page": {"en": "Main page", "fr": "Page principale"},
  "focus": {"en": "Focus", "fr": "Foyer"},
  "tphp": {"en": "Top of page", "fr": "Haut de la page"},
  "you-are-in": {"en": "You are in:", "fr": "Vous êtes dans :"},
  "you-are-here": {"en": "You are here:", "fr": "Vous êtes ici :"},
  "welcome-to": {"en": "Welcome to:", "fr": "Bienvenue à :"},
  "load": {"en": "loading...", "fr": "chargement..."},
  "process": {"en": "processing...", "fr": "traitement..."},
  "srch": {"en": "Search", "fr": "Recherche"},
  "srch-terms": {"en": "Search for term(s):", "fr": "Recherche de terme(s)&#160;:"},
  "no-match": {"en": "No match found", "fr": "Aucune correspondance trouvée"},
  "matches": {"en": "[MIXIN] match(es) found", "fr": "[MIXIN] correspondance(s) trouvées"},
  "srch-menus": {"en": "Search and menus", "fr": "Recherche et menus"},
  "menu": {"en": "Menu", "fr": "Menu"},
  "menu-close": {"en": "Close menu", "fr": "Fermer le menu"},
  "overlay-close": {"en": "Close overlay", "fr": "Fermer la fenêtre superposée"},
  "settings": {"en": "Settings", "fr": "Paramètres"},
  "langs": {"en": "Languages", "fr": "Langues"},
  "about": {"en": "About", "fr": "À propos"},
  "current": {"en": "(current)", "fr": "(actuel)"},
  "hide": {"en": "Hide", "fr": "Masquer"},
  "err": {"en": "Error", "fr": "Erreur"},
  "colon": {"en": ":", "fr": "&#160;:"},
  "hyphen": {"en": "-", "fr": "-"},
  "full-stop": {"en": ".", "fr": "."},
  "comma-space": {"en": ",", "fr": ","},
  "space": {"en": "&#32;", "fr": "&#32;"},
  "start": {"en": "Start", "fr": "Lancer"},
  "stop": {"en": "Stop", "fr": "Arrêter"},
  "back": {"en": "Back", "fr": "Précédent"},
  "cancel": {"en": "Cancel" , "fr": "Annuler"},
  "show": {"en": "Show", "fr": "Afficher"},
  "new-win": {"en": "(Opens in a new window)", "fr": "(Ouvre dans une nouvelle fenêtre)"},
  "min-ago": {"en": "a minute ago", "fr": "il y a une minute"},
  "coup-mins": {"en": "couple of minutes ago", "fr": "il y a quelques minutes"},
  "mins-ago": {"en": "MIXIN] minutes ago", "fr": "il y a [MIXIN] minutes"},
  "hour-ago": {"en": "an hour ago", "fr": "il y a une heure"},
  "hours-ago": {"en": "[MIXIN] hours ago", "fr": "il y a [MIXIN] heures"},
  "days-ago": {"en": "[MIXIN] days ago", "fr": "il y a [MIXIN] jours"},
  "yesterday": {"en": "yesterday", "fr": "hier"},
  "nxt": {"en": "Next", "fr": "Suivant"},
  "nxt-r": {"en": "Next (right arrow key)", "fr": "Suivant (touche droite)"},
  "prv": {"en": "Previous", "fr": "Précédent"},
  "prv-l": {"en": "Previous (left arrow key)", "fr": "Précédent (touche gauche)"},
  "first": {"en": "First", "fr": "Premier"},
  "last": {"en": "Last", "fr": "Dernier"},
  "page": {"en": "Jump to: Page", "fr": "Aller à: Page"},
  "esc-key": {"en": "(escape key)", "fr": "(touche d'échappement)"},
  "arch-pg": {"en": "This Web page has been archived on the Web.", "fr": "Cette page Web a été archivée dans le Web."},
  "sm-hlp": {"en": "(open the submenu with the enter key and close with the escape key)", "fr":  "(ouvrir le sous-menu avec la touche d'entrée et le fermer avec la touche d'échappement)"},
  "tab-rot-off": {"en": "Stop tab rotation", "fr": "Arrêter la rotation d'onglets"},
  "tab-rot-on": {"en": "Start tab rotation", "fr": "Lancer la rotation d'onglets"},
  "tab": {"en": "Tab #num#", "fr": "Onglet #num#"},
  "tab-list": {"en": "Tab list", "fr": "Liste des onglets"},
  "tab-pnl-end1": {"en": "End of this tab panel.", "fr": "Fin de ce panneau à onglets."},
  "tab-pnl-end2": {"en": "Return to the tab list", "fr": "Retourner à la liste des onglets"},
  "tab-pnl-end3": {"en": "or continue to the rest of page.", "fr": "ou continuer au reste de la page."},
  "tab-play": {"en": "Play", "fr": "Lancer"},
  "mmp-play": {"en": "Play", "fr": "Lire"},
  "pause": {"en": "Pause", "fr": "Pause"},
  "open": {"en": "Open", "fr": "Ouvrir"},
  "close": {"en": "Close", "fr": "Fermer"},
  "rew": {"en": "Rewind", "fr": "Reculer"},
  "ffwd": {"en": "Fast forward", "fr": "Avancer"},
  "mute-on": {"en": "Mute", "fr": "Activer le mode muet"},
  "mute-off": {"en": "Unmute", "fr": "Désactiver le mode muet"},
  "volume": {"en": "Volume", "fr": "Volume"},
  "cc-off": {"en": "Hide closed captioning", "fr": "Masquer le sous-titrage"},
  "cc-on": {"en": "Show closed captioning", "fr": "Afficher le sous-titrage"},
  "cc-err": {"en": "Error loading closed captions", "fr": "Erreur dans le chargement des sous-titres"},
  "adesc-on": {"en": "Enable audio description", "fr": "Activer l'audiodescription"},
  "adesc-off": {"en": "Disable audio description", "fr": "Désactiver l'audiodescription"},
  "prog-bar": {"en": "use left and right arrow keys to advance and rewind the media's progress", "fr": "utilisez les touches gauche ou droite pour avancer ou reculer le progrès des médias"},
  "no-video": {"en": "Your browser does not appear to have the capabilities to play this video, please download the video below", "fr": "Votre navigateur ne semble pas avoir les capacité nécessaires pour lire cette vidéo, s'il vous plaît télécharger la vidéo ci-dessous"},
  "pos": {"en": "Current position:", "fr": "Position actuelle :"},
  "perc": {"en": "Playback percentage:", "fr": "Pourcentage de lecture :"},
  "dur": {"en": "Total time:", "fr": "Temps total :"},
  "buff": {"en": "Buffered:", "fr": "Mis en mémoire-tampon :"},
  "fav": {"en": "Favourite", "fr": "Lien préféré"},
  "email": {"en": "Email", "fr": "Courriel"},
  "shr-txt": {"en": "Share", "fr": "Partagez"},
  "shr-pg": {"en": "this page", "fr": "cette page"},
  "shr-vid": {"en": "this video", "fr": "cette vidéo"},
  "shr-aud": {"en": "this audio file", "fr": "ce fichier audio"},
  "shr-hnt": {"en": "with {s}", "fr": "avec {s}"},
  "shr-email-sub": {"en": "Interesting page", "fr": "Page qui est intéressante"},
  "shr-email-bd": {"en": "I thought you might find this page interesting:\n{t} ({u})", "fr": "J'espère que cette page vous intéresse :\n{t} ({u})"},
  "shr-fav-ttl": {"en": "(bookmark this page)", "fr": "(ajouter cette page à vos signets)"},
  "shr-man": {"en": "Please close this dialog and press Ctrl-D to bookmark this page.", "fr": "S'il vous plaît fermer ce dialogue et appuyer sur Ctrl-D pour ajouter cette page à vos signets."},
  "shr-all": {"en": "Show all ({n})", "fr": "Tous montrer ({n})"},
  "shr-all-ttl": {"en": "All bookmarking sites", "fr": "Tout les sites de mise en signet"},
  "shr-disc": {"en": "No endorsement of any products or services is expressed or implied.", "fr": "Aucun appui n’est accordé, soit de façon expresse ou tacite, à aucun produit ou service."},
  "frm-nosubmit": {"en": "The form could not be submitted because", "fr": "Le formulaire n'a pu être soumis car"},
  "errs-fnd": {"en": "errors were found.", "fr": "erreurs ont été trouvées."},
  "err-fnd": {"en": "error was found.", "fr": "erreur a été trouvée."},
  "err-correct": {"en": "(Correct and resubmit)", "fr": "(Corriger et resoumettre)"},
  "date-hide": {"en": "Hide calendar", "fr": "Masquer le calendrier"},
  "date-show": {"en": "Pick a date from a calendar for field:", "fr": "Sélectionner une date à partir d'un calendrier pour le champ:"},
  "date-sel": {"en": "Selected", "fr": "Sélectionné"},
  "days-1": {"en": "Sunday", "fr": "Dimanche"},
  "days-2": {"en": "Monday", "fr": "Lundi"},
  "days-3": {"en": "Tuesday", "fr": "Mardi"},
  "days-4": {"en": "Wednesday", "fr": "Mercredi"},
  "days-5": {"en": "Thursday", "fr": "Jeudi"},
  "days-6": {"en": "Friday", "fr": "Vendredi"},
  "days-7": {"en": "Saturday", "fr": "Samedi"},
  "mnths-1": {"en": "January", "fr": "janvier"},
  "mnths-2": {"en": "February", "fr": "février"},
  "mnths-3": {"en": "March", "fr": "mars"},
  "mnths-4": {"en": "April", "fr": "avril"},
  "mnths-5": {"en": "May", "fr": "mai"},
  "mnths-6": {"en": "June", "fr": "juin"},
  "mnths-7": {"en": "July", "fr": "juillet"},
  "mnths-8": {"en": "August", "fr": "oût"},
  "mnths-9": {"en": "September", "fr": "septembre"},
  "mnths-10": {"en": "October", "fr": "octobre"},
  "mnths-11": {"en": "November", "fr": "novembre"},
  "mnths-12": {"en": "December", "fr": "décembre"},
  "cal": {"en": "Calendar", "fr": "Calendrier"},
  "cal-format": {"en": "<span class='wb-inv'>{ddd}, {M} </span>{d}<span class='wb-inv'>, {Y}</span>", "fr": "<span class='wb-inv'>{ddd}, </span>{d}<span class='wb-inv'> {M} {Y}</span>"},
  "currDay": {"en": "(Current day)", "fr": "(Jour courrant)"},
  "cal-goToLnk": {"en": "Go to<span class=\"wb-inv\"> month of year</span>", "fr": "Aller au<span class=\"wb-inv\"> mois de l'année</span>"},
  "cal-goToTtl": {"en": "Go to month of year", "fr": "Aller au mois de l'année"},
  "cal-goToMnth": {"en": "Month:", "fr": "Mois :"},
  "cal-goToYr": {"en": "Year:", "fr": "Année :"},
  "cal-goToBtn": {"en": "Go", "fr": "Aller"},
  "prvMnth": {"en": "Previous Month:", "fr": "Mois précédent :"},
  "nxtMnth": {"en": "Next Month:", "fr": "Mois suivant :"},
  "show-toc": {"en": "Show table of contents", "fr": "Afficher la table des matières"},
  "hide-toc": {"en": "Hide table of contents", "fr": "Cacher la table des matières"},
  "toc": {"en": "table of contents", "fr": "la table des matières"},
  "lb-curr": {"en": "Item %curr% of %total%", "fr": "Article %curr% de %total%"},
  "lb-xhr-err": {"en": "This content failed to load.", "fr": "Le chargement de ce contenu a échoué."},
  "lb-img-err": {"en": "This image failed to load.", "fr": "Le chargement de cette image a échoué."},
  "lb-slideshow": {"en": "slideshow", "fr": "la diaporama"},
  "tbl-txt": {"en": "Table", "fr": "Tableau"},
  "tbl-dtls": {"en": "Chart. Details in the following table.", "fr": "Graphique. Plus de détails dans le tableau suivant."},
  "chrt-cmbslc": {"en": "Combined slice", "fr": "Quartier regroupé"},
  "st-to-msg-bgn": {"en": "Your session will expire automatically in #min# min #sec# sec.", "fr": "Votre session expirera automatiquement dans #min# min #sec# sec."},
  "st-to-msg-end": {"en": "Select \"Continue session\" to extend your session.", "fr": "Sélectionner « Continuer la session » pour prolonger votre session."},
  "st-msgbx-ttl": {"en": "Session timeout warning", "fr": "Avertissement d'expiration de la session"},
  "st-alrdy-to-msg": {"en": "Sorry your session has already expired. Please sign in again.", "fr": "Désolé, votre session a déjà expiré. S'il vous plaît ouvrir une nouvelle session."},
  "st-btn-cont": {"en": "Continue session", "fr": "Continuer la session"},
  "st-btn-end": {"en": "End session now", "fr": "Mettre fin à la session"},
  "td-toggle": {"en": "Toggle all", "fr": "Basculer tout"},
  "td-open": {"en": "Expand all", "fr": "Afficher tout"},
  "td-close": {"en": "Collapse all", "fr": "Réduire tout"},
  "td-ttl-open": {"en": "Expand all sections of content", "fr": "Afficher toutes les sections de contenu"},
  "td-ttl-close": {"en": "Collapse all sections of content", "fr": "Réduire toutes les sections de contenu"},
  "sortAsc": {"en": ": activate for ascending sort", "fr": "&#160;: activer pour tri ascendant"},
  "sortDesc": {"en": ": activate for descending sort", "fr": "&#160;: activer pour tri descendant"},
  "emptyTbl": {"en": "No data is available in the table", "fr": "Aucune donnée n'est disponible dans le tableau"},
  "infoEntr": {"en": "Showing _START_ to _END_ of _TOTAL_ entries", "fr": "Affiche _START_ à _END_ de _TOTAL_ entrées"},
  "infoEmpty": {"en": "Showing 0 to 0 of 0 entries", "fr": "Affiche 0 à 0 de 0 entrées"},
  "infoFilt": {"en": "(filtered from _MAX_ total entries)", "fr": "(filtré de _MAX_ entrées totales)"},
  "info1000": {"en": ",", "fr": "&#160;"},
  "lenMenu": {"en": "Show _MENU_ entries", "fr": "Afficher _MENU_ entrées"},
  "filter": {"en": "Filter items", "fr": "Filtrer les articles"},
  "geo-mpctrl": {"en": "Map control", "fr": "Contrôle de la carte"},
  "geo-zmin": {"en": "Zoom in", "fr": "Zoom avant"},
  "geo-zmout": {"en": "Zoom out", "fr": "Zoom arrière"},
  "geo-zmwrld": {"en": "Zoom to map extent", "fr": "Zoom sur l'étendue de la carte"},
  "geo-zmfeat": {"en": "Zoom to element", "fr": "Zoom à l'élément"},
  "geo-geoloc-btn": {"en": "Zoom to current location", "fr": "Zoom sur votre position actuelle"},
  "geo-sclln": {"en": "Map scale Échelle de la carte"},
  "geo-msepos": {"en": "Latitude and longitude of the mouse cursor", "fr": "Latitude et longitude du curseur de la souris"},
  "geo-ally": {"en": "<strong>Keyboard users:</strong>", "fr": "When the map is in focus, use the arrow keys to pan the map and the plus and minus keys to zoom. The arrow keys will not pan the map when zoomed to the map extent. <strong>Utilisateurs de clavier :</strong> Lorsque la carte a l'attention, utiliser les touches flèches pour déplacer la carte et utiliser les touches plus et négatif pour faire un zoom. La carte ne peut être déplacée lorsque le zoom est à son étendue maximal."},
  "geo-ariamap": {"en": "Map object. The descriptions of the map features are in the table below.", "fr": "Objet de la carte. Les descriptions des caractéristiques de la carte se trouvent dans la table ci-dessous."},
  "geo-allyttl": {"en": "Instructions: Map Navigation", "fr": "Instructions : comment naviguer dans la carte"},
  "geo-tgllyr": {"en": "Toggle the display of the layer", "fr": "Basculer l'affichage de la couche"},
  "geo-hdnlyr": {"en": "This layer is currently hidden.", "fr": "Cette couche est présentement cachée."},
  "geo-bmapurltxt": {"en": "//geoappext.nrcan.gc.ca/arcgis/rest/services/BaseMaps/CBMT_TXT_3978/MapServer/WMTS/tile/1.0.0/BaseMaps_CBMT3978/{Style}/{TileMatrixSet}/{TileMatrix}/{TileRow}/{TileCol}.jpg", "fr": "//geoappext.nrcan.gc.ca/arcgis/rest/services/BaseMaps/CBCT_TXT_3978/MapServer/WMTS/tile/1.0.0/BaseMaps_CBMT3978/{Style}/{TileMatrixSet}/{TileMatrix}/{TileRow}/{TileCol}.jpg"},
  "geo-bmapurl": {"en": "//geoappext.nrcan.gc.ca/arcgis/rest/services/BaseMaps/CBMT_CBCT_GEOM_3978/MapServer/WMTS/tile/1.0.0/BaseMaps_CBMT3978/{Style}/{TileMatrixSet}/{TileMatrix}/{TileRow}/{TileCol}.jpg", "fr": ""},
  "geo-bmap-url": {"en": "//geoappext.nrcan.gc.ca/arcgis/rest/services/BaseMaps/CBMT3978/MapServer/WMTS/", "fr": "//geoappext.nrcan.gc.ca/arcgis/rest/services/BaseMaps/CBCT3978/MapServer/WMTS/"},
  "geo-bmap-matrix-set": {"en": "default028mm", "fr": ""},
  "geo-bmapttl": {"en": "BaseMaps_CBMT3978", "fr": "BaseMaps_CBCT3978"},
  "geo-attrlnk": {"en": "//geogratis.gc.ca/geogratis/CBM_CBC?lang=en", "fr": "//geogratis.gc.ca/geogratis/CBM_CBC?lang=fr"},
  "geo-attrttl": {"en": "GeoGratis - Canada Base Map", "fr": "GéoGratis - Carte de base du Canada"},
  "geo-sel": {"en": "Select", "fr": "Sélectionnez"},
  "geo-lblsel": {"en": "Check to select the element on the map", "fr": "Cochez pour sélectionner cet élément sur la carte"},
  "geo-locurl-geogratis": {"en": "//geogratis.gc.ca/services/geolocation/en/locate", "fr": "//geogratis.gc.ca/services/geolocation/fr/locate"},
  "geo-loc-label": {"en": "Location", "fr": "Location"},
  "geo-loc-placeholder": {"en": "Enter placename&#44; postal code&#44; street address&#44; NTS number...", "fr": "Indiquer le nom de l&#39;endroit&#44; le code postal&#44; l&#39;adresse (postale)&#44; le numéro du SNRC..."},
  "geo-aoi-north": {"en": "North", "fr": "Nord"},
  "geo-aoi-east": {"en": "East", "fr": "Est"},
  "geo-aoi-south": {"en": "South", "fr": "Sud"},
  "geo-aoi-west": {"en": "West", "fr": "Ouest"},
  "geo-aoi-instructions": {"en": "Draw box on map or enter coordinates below and click the \"Add\" button.", "fr": "Délimiter un territoire sur la carte ou entrer les coordonnées ci-dessous, puis cliquer sur le bouton &#171;&#160;Ajouter&#160;&#187;."},
  "geo-aoi-title": {"en": "Draw box on map or enter coordinates", "fr": "Délimiter un territoire sur la carte ou entrer les coordonnées"},
  "geo-aoi-btndraw": {"en": "Draw", "fr": "Tracer"},
  "geo-aoi-btnclear": {"en": "Clear", "fr": "Enlever"},
  "geo-aoi-btndraw-tip": {"en": "Toogle draw mode", "fr": "Activer/désactiver le mode dessin"},
  "geo-aoi-btnclear-tip": {"en": "Clear coordinates and bounding box", "fr": "Effacer les coordonnées et la boîte englobante"},
  "geo-aoi-btnadd-tip": {"en": "Update bounding box with new coordinates", "fr": "Mettre à jour la boîte englobante selon les nouvelles coordonnées"},
  "geo-geoloc-fail": {"en": "Geolocation failed. Please ensure that location services are enabled.", "fr": "Localisation a échoué. S'il vous plaît s'assurer que les services de localisation sont activés."},
  "geo-geoloc-uncapable": {"en": "Geolocation is not supported by your browser.", "fr": "Localisation n'est pas supporté par votre navigateur."},
  "geo-lgnd-grphc": {"en": "Legend graphic for map layer.", "fr": "Graphique légende couche cartographique."},
  "wb-disable": {"en": "Switch to basic HTML version", "fr": "Passer à la version HTML simplifiée"},
  "wb-enable": {"en": "Switch to standard version", "fr": "Passer à la version standard"},
  "wb-basic-warning": {"en": "You are currently viewing in basic HTML.", "fr": "Vous visualisez actuellement en HTML simplifiée."},
  "disable-notice-h": {"en": "Notice: Basic HTML", "fr": "Avis : Version HTML simplifiée"},
  "disable-notice": {"en": "You are viewing Basic HTML view. Some features may be disabled.", "fr": "Vous naviguez présentement sur la version HTML simplifiée de cette page. Certaines fonctionnalités peuvent être désactivées."},
  "dismiss": {"en": "Dismiss", "fr": "Écarter"},
  "fltr-lbl": {"en": "Filter<span class=\"wb-inv\"> content: results appear below as you type.</span>", "fr": "Filtrer<span class=\"wb-inv\"> le contenu: Les résultats s'afficherons au moment même de la saisie.</span>"},
  "fltr-info": {"en": "Showing _NBITEM_ filtered from _TOTAL_ total entries", "fr": "Affiche _NBITEM_ de _TOTAL_ éléments filtrés."},
  "tmpl-skip-cont": {"en": "Skip to main content", "fr": "Passer au contenu principal"},
  "tmpl-skip-sec": {"en": "Skip to secondary menu", "fr": "Passer au menu secondaire"},
  "tmpl-skip-section": {"en": "Skip to section menu", "fr": "Passer au menu de la section"},
  "tmpl-skip-foot": {"en": "Skip to footer", "fr": "Passer au pied de page"},
  "tmpl-skip-info": {"en": "Skip to site information", "fr": "Passer aux informations sur le site"},
  "tmpl-skip-about-site": {"en": "Skip to \"About this site\"", "fr": "Passer à «&#160;À propos de ce site&#160;»"},
  "tmpl-search": {"en": "Search", "fr": "Recherche"},
  "tmpl-site-menu": {"en": "Site menu", "fr": "Menu du site"},
  "tmpl-topics-menu": {"en": "Topics menu", "fr": "Menu des sujets"},
  "tmpl-bcrumb": {"en": "Breadcrumb trail", "fr": "Fil d'Ariane"},
  "tmpl-home": {"en": "Home", "fr": "Accueil"},
  "tmpl-sec-menu": {"en": "Secondary menu", "fr": "Menu secondaire"},
  "tmpl-section-menu": {"en": "Section menu", "fr": "Menu de la section"},
  "tmpl-sup-cont": {"en": "Supplemental content", "fr": "Contenu supplémentaire"},
  "tmpl-foot": {"en": "Footer", "fr": "Pied de page"},
  "tmpl-site-info": {"en": "Site information", "fr": "Informations sur le site"},
  "tmpl-about": {"en": "About À propos"},
  "tmpl-about-site": {"en": "About this site À propos de ce site"},
  "tmpl-date-mod": {"en": "Date modified:", "fr": "Date de modification&#160;:"},
  "tmpl-version": {"en": "Version:", "fr": "Version&#160;:"},
  "tmpl-signin": {"en": "Sign in", "fr": "Ouvrir une session"},
  "tmpl-signout": {"en": "Sign out", "fr": "Fermer la session"},
  "tmpl-myaccount": {"en": "My account", "fr": "Mon compte"},
  "tmpl-accountsettings": {"en": "Account settings", "fr": "Paramètres du compte"},
  "tmpl-lang-select": {"en": "Language selection", "fr": "Sélection de la langue"},
  "tmpl-more": {"en": "More", "fr": "Autres"},
  "tmpl-gc-navbar": {"en": "Government of Canada navigation bar", "fr": "Barre de navigation du gouvernement du Canada"},
  "tmpl-gc-sig": {"en": "Government of Canada", "fr": "Gouvernement du Canada"},
  "tmpl-gc-wmms": {"en": "Symbol of the Government of Canada", "fr": "Symbole du gouvernement du Canada"},
  "tmpl-gc-ca": {"en": "Canada.ca", "fr": "Canada.ca"},
  "tmpl-services": {"en": "Services", "fr": "Services"},
  "tmpl-depts": {"en": "Departments", "fr": "Ministères"},
  "tmpl-priorities": {"en": "Priorities", "fr": "Priorités"},
  "tmpl-gc-foot": {"en": "Government of Canada footer", "fr": "Pied de page du gouvernement du Canada"},
  "tmpl-site-foot": {"en": "Site footer", "fr": "Pied de page du site"},
  "tmpl-terms": {"en": "Terms and conditions", "fr": "Avis"},
  "tmpl-transparency": {"en": "Transparency", "fr": "Transparence"},
  "tmpl-health": {"en": "Health", "fr": "Santé"},
  "tmpl-health-url": {"en": "healthycanadians.gc.ca", "fr": "canadiensensante.gc.ca"},
  "tmpl-travel": {"en": "Travel", "fr": "Voyage"},
  "tmpl-travel-url": {"en": "travel.gc.ca voyage.gc.ca"},
  "tmpl-servicecanada": {"en": "Service Canada", "fr": "Service Canada"},
  "tmpl-servicecanada-url": {"en": "servicecanada.gc.ca servicecanada.gc.ca"},
  "tmpl-jobs": {"en": "Jobs", "fr": "Emplois"},
  "tmpl-jobs-url": {"en": "jobbank.gc.ca", "fr": "guichetemplois.gc.ca"},
  "tmpl-economy": {"en": "Economy", "fr": "Économie"},
  "tmpl-economy-url": {"en": "actionplan.gc.ca", "fr": "plandaction.gc.ca"},
  "tmpl-gcintra-navbar": {"en": "Intranet navigation bar", "fr": "Barre de navigation d'intranet"},
  "tmpl-sub-site-name": {"en": "Sub-site name", "fr": "Nom du sous-site"},
  "tmpl-header-bar": {"en": "Header bar", "fr": "Barre d'en-tête"},
  "tmpl-footer-bar": {"en": "Footer bar", "fr": "Barre de pied de page"},
  "tmpl-section": {"en": "Section", "fr": "Section"},
  "tmpl-item": {"en": "Item", "fr": "Article"},
  "tmpl-wet": {"en": "Web Experience Toolkit&#160;(WET)", "fr": "Boîte à outils de l'expérience Web&#160;(BOEW)"},
  "tmpl-wet-subline": {"en": "Collaborative open source project led by the Government of Canada", "fr": "Projet à source ouverte collaboratif dirigé par le Gouvernement du Canada"},
  "tmpl-wet-twitter": {"en": "WebExpToolkit", "fr": "BoiteExpWeb"},
  "tmpl-ogpl": {"en": "Open Government Platform&#160;(OGPL)", "fr": "Plate-forme de gouvernement ouvert&#160;(PGO)"},
  "tmpl-ogpl-theme": {"en": "OGPL theme", "fr": "Thème de la PGO"},
  "tmpl-base-theme": {"en": "Base theme", "fr": "Thème de base"},
  "tmpl-gcwu-theme": {"en": "GC Web Usability theme", "fr": "Thème de la facilité d'emploi Web GC"},
  "tmpl-gc-intranet-theme": {"en": "GC Intranet theme", "fr": "Thème du GC pour les sites intranet"},
  "tmpl-wet-theme": {"en": "WET theme", "fr": "Thème de la BOEW"},
  "tmpl-gcweb-theme": {"en": "Canada.ca theme", "fr": "Thème Canada.ca"},
  "tmpl-cont-page": {"en": "Content page", "fr": "Page de contenu"},
  "tmpl-fixed-header": {"en": "Fixed mobile header", "fr": "En-tête fixe mobile"},
  "tmpl-home-page": {"en": "Home page", "fr": "Page d'accueil"},
  "tmpl-serv-page": {"en": "Server message page", "fr": "Page de message du serveur"},
  "tmpl-splash-page": {"en": "Splash page", "fr": "Page d'entrée"},
  "tmpl-nosearchlang": {"en": "No search or language selection link", "fr": "Sans recherche ou lien de sélection de la langue"},
  "tmpl-nositemenubc": {"en": "No site menu or breadcrumb trail", "fr": "Sans menu du site ou fil d'Ariane"},
  "tmpl-nosearchlangsitemenubc": {"en": "No search, language selection link, site menu or breadcrumb trail", "fr": "Sans recherche, lien de sélection de la langue, menu du site ou fil d'Ariane"},
  "tmpl-web-application": {"en": "Application template", "fr": "Modèle pour applications"},
  "tmpl-multilingual": {"en": "Multilingual", "fr": "Multilingue"},
  "tmpl-site-title": {"en": "Site title", "fr": "Titre du site"},
  "tmpl-msg-title": {"en": "Message title", "fr": "Titre du message"},
  "tmpl-sub-site": {"en": "Sub-site", "fr": "Sous-site"},
  "tmpl-wet-project": {"en": "WET project", "fr": "Projet de la BOEW"},
  "tmpl-wet-on-github": {"en": "WET on Github", "fr": "Page principale du projet"},
  "tmpl-wet-main-project-page": {"en": "Main project page", "fr": "Page principale du projet"},
  "tmpl-work-examples": {"en": "Working examples", "fr": "Exemples pratiques"},
  "tmpl-documentation": {"en": "Documentation", "fr": "Documentation"},
  "tmpl-downloads": {"en": "Downloads", "fr": "Téléchargements"},
  "tmpl-implement": {"en": "Implement", "fr": "Mise en œuvre"},
  "tmpl-implement-wet": {"en": "Implement WET", "fr": "Mise en œuvre de la BOEW"},
  "tmpl-contribute": {"en": "Contribute", "fr": "Contribuer"},
  "tmpl-contribute-wet": {"en": "Contribute to WET", "fr": "Contribuer à la BOEW"},
  "tmpl-about-wet": {"en": "About the Web Experience Toolkit", "fr": "À propos de la Boîte à outils de l’expérience Web"},
  "tmpl-about-web-standards": {"en": "About the Web Standards", "fr": "À propos des normes Web"},
  "tmpl-default-app": {"en": "default appearance", "fr": "apparence par défaut"},
  "tmpl-heading": {"en": "Heading", "fr": "En-tête"},
  "tmpl-para": {"en": "Paragraph", "fr": "Paragraphe"},
  "tmpl-link": {"en": "Link", "fr": "Lien"},
  "tmpl-link-custom": {"en": "Custom link", "fr": "Lien personnalisé"},
  "tmpl-third-party": {"en": "third party", "fr": "tiers"},
  "tmpl-file-downloads": {"en": "file downloads based on file type", "fr": "téléchargements des fichiers fondés sur le type de fichier"},
  "tmpl-abbr": {"en": "Abbreviation", "fr": "Abréviation"},
  "tmpl-ul": {"en": "unordered list", "fr": "liste à puces"},
  "tmpl-ol": {"en": "ordered list", "fr": "liste ordonnée"},
  "tmpl-level": {"en": "level", "fr": "niveau"},
  "tmpl-table-caption": {"en": "Table caption", "fr": "Légende de table"},
  "tmpl-table-head": {"en": "Table header", "fr": "En-tête de table"},
  "tmpl-table-data": {"en": "Table data", "fr": "Données de table"},
  "tmpl-form": {"en": "Form", "fr": "Formulaire"},
  "tmpl-option": {"en": "Option", "fr": "Option"},
  "tmpl-and": {"en": "and", "fr": "et"},
  "tmpl-submit": {"en": "Submit", "fr": "Soumettre"},
  "tmpl-reset": {"en": "Reset", "fr": "Réinitialiser"},
  "tmpl-about-anchor": {"en": "about", "fr": "apropos"},
  "tmpl-about-us": {"en": "About us", "fr": "À propos de nous"},
  "tmpl-our-mandate": {"en": "Our Mandate", "fr": "Notre mandat"},
  "tmpl-our-history": {"en": "Our history", "fr": "Notre histoire"},
  "tmpl-minister": {"en": "The Minister", "fr": "Le ministre"},
  "tmpl-news": {"en": "News", "fr": "Nouvelles"},
  "tmpl-news-rel": {"en": "News releases", "fr": "Communiqués"},
  "tmpl-media-avisories": {"en": "Media advisories", "fr": "Avis aux médias"},
  "tmpl-recent-project-activity": {"en": "Recent project activity", "fr": "Activité du projet récente"},
  "tmpl-project": {"en": "Project", "fr": "Projet"},
  "tmpl-project-stats": {"en": "Project statistics", "fr": "Statistiques du projet"},
  "tmpl-multimedia": {"en": "Multimedia", "fr": "Multimédia"},
  "tmpl-contact-us": {"en": "Contact us", "fr": "Contactez-nous"},
  "tmpl-phone-nums": {"en": "Phone numbers", "fr": "Numéros de téléphone"},
  "tmpl-office-loc": {"en": "Office locations", "fr": "Nos bureaux"},
  "tmpl-questions-comments": {"en": "Questions or comments?", "fr": "Questions ou commentaires?"},
  "tmpl-edit-this-page": {"en": "Edit this page", "fr": "Modifier cette page"},
  "tmpl-revision-history": {"en": "Revision history", "fr": "Historique des révisions"},
  "tmpl-add-desc": {"en": "Please add a brief description. S'il vous plaît ajouter une brève description"},
  "tmpl-stay-connected": {"en": "Stay connected", "fr": "Restez branchés"},
  "tmpl-feeds": {"en": "Feeds", "fr": "Fils de nouvelles"},
  "tmpl-headlines": {"en": "Headlines", "fr": "Nouvelles"},
  "tmpl-sample-text": {"en": "Sample text.", "fr": "Texte modèle."},
  "tmpl-read-more": {"en": "Read more", "fr": "En&#160;plus"},
  "tmpl-priority": {"en": "Priority", "fr": "Priorité"},
  "tmpl-videos": {"en": "Videos", "fr": "Vidéo"},
  "tmpl-sample-player": {"en": "Sample video player", "fr": "Exemple d'un lecteur multimédia"},
  "tmpl-video-title": {"en": "Video title", "fr": "Titre de la vidéo"},
  "tmpl-desc-video": {"en": "Short description of the current video.", "fr": "Description courte de la vidéo actuelle."},
  "tmpl-multi-help": {"en": "Multimedia help", "fr": "Aide multimédia"},
  "tmpl-transcripts": {"en": "Transcripts and alternative formats", "fr": "Formats de transcription et de remplacement"},
  "tmpl-meet-minister": {"en": "Meet the Minister", "fr": "Rencontrer le ministre"},
  "tmpl-honourable": {"en": "The Honourable", "fr": "L'honorable"},
  "tmpl-minister-name": {"en": "minister name", "fr": "nom du ministre"},
  "tmpl-about-minister": {"en": "About the minister", "fr": "Le ministre"},
  "tmpl-portfolio": {"en": "His portfolio", "fr": "Son portefeuille"},
  "tmpl-benefits": {"en": "Benefits", "fr": "Avantages"},
  "tmpl-benefits-anchor": {"en": "benefits", "fr": "avantages"},
  "tmpl-accolades": {"en": "Awards, articles and videos", "fr": "Primes, articles et vidéos"},
  "tmpl-roadmap": {"en": "Roadmap of past and future releases", "fr": "Feuille de route pour les versions passées et futures"},
  "tmpl-version-history": {"en": "Version history", "fr": "Historique des versions"},
  "tmpl-getting-started": {"en": "Getting started with WET", "fr": "Comment démarrer avec la BOEW"},
  "tmpl-download-wet": {"en": "Download WET", "fr": "Télécharger la BOEW"},
  "tmpl-using-github": {"en": "Using Github for WET", "fr": "Guide d'utilisation de GitHub pour la BOEW"},
  "tmpl-contributor-guidelines": {"en": "Contributor guidelines", "fr": "Lignes directrices pour les contributeurs"},
  "tmpl-contribute-bug": {"en": "Filing a bug or an issue", "fr": "Soumettre un bogue ou un problème"},
  "tmpl-contribute-pr": {"en": "Creating a pull request", "fr": "Créer un &#171;&#160;<span lang='en'>pull request</span>&#160;&#187;"},
  "tmpl-contribute-test": {"en": "Testing your code", "fr": "Tester votre code"},
  "tmpl-contribute-develop": {"en": "Developing for WET", "fr": "Développer pour la BOEW"},
  "tmpl-contribute-docs": {"en": "Creating documentation Écrire la documentation"},
  "tmpl-guides": {"en": "Guides", "fr": "Guides"},

  "tmpl-promote-wet": {"en": "Promote WET", "fr": "Promotion de la BOEW"},
  "tmpl-events": {"en": "Events", "fr": "Événements"},
  "tmpl-design-guide": {"en": "Design guide", "fr": "Guide de conception"},
  "tmpl-accessibility-guide": {"en": "Accessibility guide", "fr": "Guide sur l’accessibilité"},
  "tmpl-usability-guide": {"en": "Usability guide", "fr": "Guide sur la facilité d'emploi"},
  "tmpl-writing-guide": {"en": "Writing guide", "fr": "Guide de rédaction"},
  "tmpl-more-guides": {"en": "More guides", "fr": "Plus de guides"},
  "tmpl-websites-using-wet": {"en": "Websites using WET", "fr": "Sites Web qui se servent de la BOEW"},
  "tmpl-v31-ref-head": {"en": "Looking for WET v3.1?", "fr": "Vous cherchez la BOEW v3.1?"},
  "tmpl-v31-ref-1": {"en": "As of September 23, 2014, version 3.1 of the Web Experience Toolkit is no longer supported. The source code and documentation have been moved to the ", "fr": "À partir du 23 septembre 2014, la version 3.1 de la Boîte à outils de l'expérience Web n'est plus supportée. Le code source et la documentation ont été déplacés vers le dépôt "},
  "tmpl-v31-ref-3": {"en": "repository.", "fr": "."},
  "site-title": {"en": "Web Experience Toolkit", "fr": "Boîte à outils de l'expérience Web"},
  "site-tagline": {"en": "Collaborative open source project led by the Government of Canada", "fr": "Projet à source ouverte collaboratif dirigé par le Gouvernement du Canada"},
  "site-description": {"en": "Web Experience Toolkit (WET) includes reusable components for building and maintaining innovative Web sites that are accessible, usable, and interoperable. These reusable components are open source software and free for use by departments and external Web communities", "fr": "La Boîte à outils de l’expérience Web (BOEW) rassemble différents composants réutilisables et prêts-à-utiliser pour la conception et la mise à jour de sites Web innovateurs qui sont à la fois accessibles, conviviaux et interopérables. Tous ces composants réutilisables sont des logiciels libres mis à la disposition des ministères et des collectivités Web externes."},
  "tmpl-sign-on-info": {"en": "Sign-on information", "fr": "Information de l'utilisateur actuel"},
  "tmpl-register": {"en": "Register", "fr": "Inscription"},
  "tmpl-signed-in-as": {"en": "Signed in as", "fr": "Connecté en tant que"}
}
